id,condition,AttentionCheckQ,Question1Q,Question2Q,Question3Q,Question4Q,Question5Q,Question7Q,Question8Q,Question9Q,Question10Q,Question11Q,Question12Q,Question13Q,Question14Q,Question1Qerror,Question2Qerror,Question3Qerror,Question4Qerror,Question5Qerror,Question7Qerror,Question8Qerror,Question9Qerror,Question10Qerror,Question11Qerror,Question12Qerror,Question13Qerror,Question14Qerror,PostQ1,PostQ2,PostQ3,PostQ4,Question1Q_counter,Question2Q_counter,Question3Q_counter,Question4Q_counter,Question5Q_counter,Question7Q_counter,Question8Q_counter,Question9Q_counter,Question10Q_counter,Question11Q_counter,Question12Q_counter,Question13Q_counter,Question14Q_counter,Question1Q_timer,Question2Q_timer,Question3Q_timer,Question4Q_timer,Question5Q_timer,Question7Q_timer,Question8Q_timer,Question9Q_timer,Question10Q_timer,Question11Q_timer,Question12Q_timer,Question13Q_timer,Question14Q_timer,Question1Q_timerfirst,Question2Q_timerfirst,Question3Q_timerfirst,Question4Q_timerfirst,Question5Q_timerfirst,Question7Q_timerfirst,Question8Q_timerfirst,Question9Q_timerfirst,Question10Q_timerfirst,Question11Q_timerfirst,Question12Q_timerfirst,Question13Q_timerfirst,Question14Q_timerfirst
A1V1JNPU0KOA3X,stream,1,1,1,1,1,1,1,1,1,1,1,1,1,1,0,0,1,0,0,0,0,0,0,0,1,0,0,4,5,5,5,1,1,2,1,1,1,1,1,1,1,2,1,1,47091,68688,86530,123252,27416,44398,77049,48804,34030,104320,117599,47753,40599,47091,68688,48143,123252,27416,44398,77049,48804,34030,104320,79203,47753,40599
A53VYIFCCASOA,secstream,0,1,1,1,1,1,1,1,1,1,1,1,1,1,3,1,2,2,1,0,3,0,0,3,0,1,3,4,4,4,5,4,3,5,25,4,1,4,1,1,9,1,3,4,11072,20487,13803,87527,11642,4388,12016,4107,5156,22242,3907,11880,10897,4269,13162,4864,6003,4561,4388,4990,4107,5156,3674,3907,7537,4204
A1X8E3S8EKG52K,treemap,1,1,1,1,1,1,1,0,1,1,1,1,1,1,0,0,0,0,0,0,1,0,0,1,0,1,0,4,4,4,4,1,1,1,1,1,1,2,1,1,2,1,2,1,51005,31830,40127,120326,27710,85285,300001,65110,63125,277623,94327,106758,18005,51005,31830,40127,120326,27710,85285,160645,65110,63125,246749,94327,46359,18005
A1A1A9UHNQCI9Y,stream,1,1,1,1,1,1,1,1,1,1,0,1,1,1,1,2,4,2,2,1,4,0,1,6,0,1,1,1,2,2,2,2,3,5,4,3,2,4,1,3,15,1,3,3,30112,78189,124422,69694,39831,69370,79311,20810,80239,300013,22244,55542,65037,15808,41149,42533,23830,13560,63874,39408,20810,28959,70699,22244,20702,28356
A7204W9E8IR1R,treemap,0,1,1,1,1,1,1,1,1,1,1,1,1,1,1,2,1,1,2,2,2,1,1,6,1,1,2,1,1,1,2,2,5,2,3,2,2,8,3,4,13,2,2,4,31163,69684,34003,33157,23815,28904,106077,47440,51269,166594,21789,30713,44767,22490,14187,11139,14047,11981,14920,46745,18251,25089,13000,18512,21044,25978
A2541C8MY0BYV3,stream,1,1,1,1,1,1,1,1,1,1,1,1,1,1,3,0,3,2,2,0,1,0,0,4,2,2,3,2,2,2,2,4,1,5,2,2,1,2,1,1,7,2,4,5,12429,6956,18168,10212,6841,5903,6291,3269,7756,14694,8182,8309,11424,6885,6956,11317,8014,5321,5903,4497,3269,7756,4880,6590,4009,5044
A2VE5IV9OD2SK1,secstream,1,1,1,1,1,1,1,1,1,1,1,1,1,1,2,0,0,0,2,0,0,0,2,4,0,0,1,2,2,4,4,2,1,1,1,7,1,1,1,3,7,1,1,2,62340,12631,18172,30134,110389,25639,40872,18910,62279,78789,33398,25698,33331,46756,12631,18172,30134,18301,25639,40872,18910,50816,29749,33398,25698,30075
A35D31QHYQUF9V,treemap,1,1,1,1,1,1,1,1,1,1,1,1,1,1,3,0,0,1,2,0,0,0,0,4,1,1,1,4,4,4,4,2,1,1,2,3,1,1,1,1,5,2,9,2,33347,43328,15630,33373,40240,30485,65222,30604,16325,91197,37266,90627,52874,22265,43328,15630,20336,22042,30485,65222,30604,16325,47755,33946,27695,45831
A70L26UXLTGLC,stream,1,1,1,1,1,1,1,1,1,1,1,1,1,1,2,0,4,1,1,1,0,0,2,6,0,0,1,1,1,2,2,5,1,5,2,2,2,1,1,4,9,1,1,2,52094,64085,90425,74670,54340,67336,43242,47111,39496,109173,26948,24932,25237,36605,64085,45334,70055,49480,56193,43242,47111,26564,70752,26948,24932,19710
A11C01B5PXL1QW,treemap,1,1,1,1,1,1,1,1,1,1,1,1,1,1,0,0,2,0,0,0,2,0,0,2,1,0,0,4,4,4,4,1,1,2,1,1,1,2,1,1,2,2,1,1,34191,35427,28559,36042,34678,60856,107390,30394,63190,127120,82606,42378,24901,34190,35426,15722,36042,34678,60855,67261,30394,63190,59290,54757,42378,24901
A194E79BDFEZIU,stream,1,1,1,1,1,1,1,1,1,1,0,1,1,1,0,1,2,2,1,1,4,1,2,5,1,2,3,1,1,4,4,1,2,4,4,3,2,3,5,4,7,3,5,5,50624,123940,203511,120923,146591,62456,78874,115613,184622,300001,99451,101566,183075,50624,117130,130848,32722,58387,33314,32400,30727,58593,69933,51134,53318,59288
A3CVY8G619MGTI,secstream,1,1,1,1,1,1,1,1,1,1,0,1,1,1,0,0,0,0,0,0,0,1,0,5,1,0,0,4,4,4,4,1,1,1,1,1,1,1,2,1,13,2,1,1,25879,14982,12460,27270,40975,50620,38025,40198,53373,300008,80216,20983,34828,25879,14981,12460,27270,40975,50620,38025,23942,53373,101554,75553,20983,34828
A2UCKZZI9KBBCV,stream,0,1,1,1,1,1,1,1,1,1,1,1,1,1,1,1,1,1,4,1,2,1,2,5,3,2,3,1,2,2,1,2,6,2,2,4,2,2,2,3,8,4,3,5,85873,106537,61247,29420,73540,37634,32394,58840,66614,74594,114236,77174,58085,47380,40683,39898,19910,48975,31761,26025,39628,49639,41083,78224,42369,17831
A2SBN9B6Q3DN2X,secstream,1,1,1,1,1,1,1,1,1,1,1,1,1,1,0,0,2,3,1,1,2,1,0,4,1,1,0,2,2,2,2,1,1,2,4,2,2,4,3,1,9,4,4,1,22531,29506,22821,60956,34264,101162,63556,41440,30418,99052,46528,60828,17907,22531,29506,13525,28090,30202,97266,52263,34265,30418,45968,23206,15143,17907
A8FUMDQFBKMXR,stream,1,1,1,1,1,1,1,1,1,1,1,1,1,1,1,0,0,1,2,1,2,0,1,4,0,3,2,2,1,1,1,2,1,1,3,4,2,4,1,2,7,1,5,3,43190,20627,41808,123502,35927,64298,40363,46378,40314,54871,26099,63635,67898,22423,20627,41808,70435,18591,59361,21780,46378,32333,35177,26099,20587,60504
A1QB42OYEG1553,secstream,1,1,1,1,1,1,1,1,1,1,1,1,1,1,1,2,2,2,4,1,0,0,2,2,2,2,0,1,1,1,1,2,8,8,3,8,3,1,1,3,13,4,5,1,67287,116910,270021,48760,103366,47060,19315,35159,54730,128164,89068,96382,23943,44910,23262,21958,29704,26822,33932,19315,35159,38776,52730,50311,40999,23943
A21ZMR7O42OSMI,treemap,1,1,1,1,1,1,1,1,1,1,1,1,1,1,0,3,2,1,0,4,0,1,1,6,4,2,1,3,3,3,4,1,3,5,2,1,4,1,2,4,9,7,3,2,18461,45112,73147,21475,17042,56598,39509,25255,89111,76139,49600,39428,20002,18461,24905,23084,18844,17042,45910,39509,22026,30408,17718,23591,28786,16210
A2KI0FDBL0BC32,secstream,1,1,1,1,1,1,1,1,1,1,1,1,1,1,0,0,0,0,0,0,1,1,0,5,1,0,1,1,1,1,1,1,1,1,1,1,1,2,2,1,7,2,1,3,17809,16084,17733,15736,17173,23326,26838,67900,24769,44049,39065,20500,31447,17809,16084,17733,15736,17173,23326,15841,27759,24769,22785,35640,20500,18274
A3MS21UJPMHLK0,treemap,0,1,1,1,1,1,1,1,1,1,1,1,1,1,2,3,3,0,0,1,0,0,0,2,3,1,0,2,2,3,2,12,4,5,1,1,7,1,1,1,22,6,2,1,41329,21834,29392,29343,13943,50556,17585,10791,19635,113662,32937,19038,9363,15312,13590,13898,29343,13943,10804,17585,10791,19635,11628,7826,16078,9363
A8TIL9U6YHG5,stream,1,1,1,1,1,1,1,1,1,1,1,1,1,1,2,1,14,2,1,1,1,2,1,5,1,2,2,4,3,3,4,2,3,4,3,2,2,2,4,3,9,7,12,5,77237,56750,135999,79060,57192,41199,82280,74613,77738,207251,108687,214126,50232,49182,34378,65007,43529,52405,35914,23001,27688,52914,106379,44570,120641,33957
A359ETX78LN74M,secstream,1,1,1,1,1,1,1,1,1,1,1,1,1,1,0,0,0,0,0,0,2,0,0,0,1,0,0,5,5,4,4,1,1,1,1,1,1,7,1,1,1,2,1,1,18995,31892,16252,20699,14592,30726,69141,14347,24295,48397,41014,19269,25394,18995,31892,16252,20699,14592,30726,29324,14347,24295,48397,18571,19269,25394
A2EDI66B0KTBEH,stream,1,1,1,1,1,1,1,1,1,1,1,1,1,1,0,1,0,1,1,1,1,1,1,3,0,2,1,4,4,4,4,1,3,1,3,2,2,2,3,2,8,1,3,3,30636,116580,36406,97212,62644,54793,82283,76923,46983,211105,43105,65609,89052,30636,47158,36406,47988,47051,31040,39769,37227,30475,44733,43105,32967,53300
A2LU259QPV1I4V,secstream,1,1,0,1,1,1,1,1,1,1,1,1,1,1,0,1,6,0,6,0,1,0,0,4,2,1,0,1,1,1,1,1,5,4,1,8,1,2,1,1,6,4,2,1,102516,300003,111038,68074,292666,38614,97016,44637,66077,249030,154883,49885,54371,102516,89980,47639,68074,43064,38614,55182,44637,66077,69183,58507,29805,54371
AR95C0P53AFWJ,treemap,1,1,1,1,1,1,1,1,1,1,1,1,1,1,1,2,1,1,2,0,2,0,1,5,1,1,3,1,1,1,1,3,3,2,2,5,1,4,1,3,12,3,3,6,50696,53075,36723,30314,48139,20548,39600,18388,35835,110094,35216,28216,54745,21535,28391,25120,20426,17664,20548,17282,18387,21646,22374,24433,12265,15895
AR3I3KJIGB4U6,stream,1,1,1,1,1,1,1,1,1,1,1,1,1,1,1,0,1,0,2,1,0,0,1,6,3,1,4,1,3,2,2,3,1,4,1,2,6,1,1,7,12,4,17,5,25317,14673,22145,11058,25926,50812,6887,9384,75426,96562,38613,123611,53777,12679,14673,5287,11057,13302,21149,6887,9384,22931,5046,17594,6785,18061
A2MKXI4KCRRI7Y,secstream,1,1,1,1,1,1,1,1,1,1,1,1,1,1,0,0,0,4,0,1,1,0,0,4,1,1,2,3,1,3,3,1,1,1,5,1,2,3,1,1,5,3,2,7,13086,18106,16867,42704,13898,33228,32874,10882,16588,48765,28089,15902,46379,13086,18106,16867,16637,13898,18132,14586,10882,16588,17846,21088,12981,17580
A2MFMT03E21ZIT,treemap,0,1,1,1,1,1,1,1,1,1,0,1,1,1,1,0,1,0,5,0,0,0,0,4,0,0,0,4,4,4,4,5,1,2,1,4,1,1,1,1,13,1,1,1,76917,24259,17316,25167,74930,21044,67122,26575,44531,300003,24283,16832,15948,17579,24259,12512,25167,47654,21044,67121,26575,44531,46365,24283,16832,15948
A13T61GJTR2Y9B,stream,1,1,1,1,1,1,1,1,1,1,1,1,1,1,0,1,0,3,7,0,1,0,1,4,1,1,2,1,1,3,3,1,2,1,4,5,1,2,1,16,8,2,4,2,31381,29847,38493,44829,167904,15856,30341,18047,148887,78581,42478,46151,46350,31381,27111,38493,24093,68671,15856,18829,18047,21838,43948,19482,21376,36047
A2SWQM5X54P1O5,secstream,1,1,1,1,1,1,1,1,1,1,1,1,1,1,0,1,2,1,1,0,0,1,1,4,4,1,0,1,1,1,1,1,3,3,2,3,1,1,3,3,7,7,2,1,233962,118149,56558,76459,29150,24414,26228,36196,73727,40846,90903,51769,25999,233962,111163,16625,72243,22335,24414,26228,20257,63148,25660,61729,32310,25999
A2GR3333S2F53G,treemap,1,1,1,1,1,1,1,1,1,1,1,1,1,1,3,0,0,0,0,1,2,2,0,3,1,1,0,3,3,4,3,2,1,1,1,1,4,5,6,1,8,2,2,1,33663,13982,21206,22917,24566,42740,96455,73219,39303,138095,35904,33037,54847,23800,13982,21206,22917,24566,31850,39585,29547,39303,33357,31137,25527,54847
A2SYRFPPV9WDEG,treemap,1,1,1,1,1,1,1,1,1,1,1,1,1,1,0,0,0,1,2,1,1,0,0,5,2,2,0,3,2,3,2,1,1,1,2,3,2,2,1,1,7,6,7,1,8418,20445,14274,29385,22298,24850,21150,45374,47077,196658,51719,107936,197456,8418,20445,14274,26298,11314,21760,18195,45374,47077,152119,20313,25846,197456
ASTDBTVY3WP1K,secstream,0,1,1,1,1,1,1,1,1,1,1,1,1,1,1,1,1,1,0,0,0,0,2,5,0,0,3,4,4,4,4,2,2,2,2,1,1,1,1,2,9,1,1,6,19015,16006,12190,13430,15375,20191,7269,10215,27206,34956,11382,12526,19981,15631,12782,7534,7641,15375,20191,7269,10215,23495,9534,11382,12526,9085
APXNY64HXO08K,treemap,1,1,1,1,1,1,1,1,1,1,1,1,1,1,0,0,0,1,0,1,1,0,1,1,0,1,0,4,4,3,4,1,1,1,3,1,2,2,1,2,8,1,2,1,17618,17913,12565,63647,14504,22423,44721,18234,27060,98719,18033,23356,18310,17618,17913,12565,25777,14504,15398,27767,18234,23143,38339,18033,15812,18310
A3HNEYFOIJWPH1,stream,1,1,1,1,1,1,1,1,1,1,1,1,1,1,0,2,1,1,0,1,1,0,2,4,0,1,2,2,2,2,2,1,2,2,3,1,2,2,1,4,11,1,2,5,19785,13912,11951,16590,10577,34773,13142,9630,19686,86985,16232,16062,30152,19785,10902,9823,12351,10577,32317,11270,9630,10262,21440,16232,13439,11584
A3696JXTRKL2FI,secstream,1,1,1,1,1,1,1,1,1,1,1,1,1,1,0,0,0,0,2,2,1,2,1,5,0,1,1,3,4,2,2,1,1,1,1,4,3,4,3,4,7,1,2,2,12519,17816,18495,18335,42703,36521,39966,64962,45297,41632,22374,19316,25782,12519,17816,18495,18335,10910,29210,16004,26378,24037,14249,22374,13991,17022
A2EN81T1B3UG8O,secstream,1,1,1,1,1,1,1,1,1,1,1,1,1,1,0,0,0,0,0,1,2,2,0,4,1,1,0,4,4,4,4,1,1,1,1,1,2,6,3,1,8,4,2,1,24998,24600,16104,22627,29850,34085,47734,24196,53172,97378,38428,28175,32306,24998,24600,16104,22627,29850,24528,27494,17501,53172,59933,29421,25367,32306
A2BXJ69ECQZVSS,secstream,0,1,1,1,1,1,1,1,1,1,1,1,1,1,0,1,0,0,0,1,0,0,0,4,0,1,0,4,4,4,4,1,4,1,1,1,3,1,1,1,8,1,2,1,30631,35751,18232,15015,17701,31127,22775,16832,15862,66766,26150,13174,10863,30631,20496,18232,15015,17701,18551,22775,16832,15862,17645,26150,9248,10863
A1NGXQMOBCXDC3,stream,1,1,1,1,1,1,1,1,1,1,1,1,1,1,0,1,2,2,1,1,1,0,1,5,1,2,2,1,1,1,1,1,2,3,4,2,2,2,1,2,10,2,4,5,14102,8491,18771,24451,9095,7818,9014,6780,10411,30808,7274,29339,20611,14102,4896,11079,8015,5327,4838,4423,6780,7407,6027,3610,20467,8639
A1CSDIX05PK9V,secstream,1,1,1,1,1,1,1,1,1,1,1,1,1,1,0,0,0,0,0,1,0,0,1,0,0,0,0,4,4,4,4,1,1,1,1,1,3,1,1,2,1,1,1,1,11191,19949,15271,15990,10337,42390,13485,9133,20468,30848,37392,12165,8276,11191,19949,15271,15990,10337,23818,13485,9133,18024,30848,37392,12164,8276
A2YPZF41N7BFA2,stream,0,1,1,1,1,1,1,1,1,1,1,1,1,1,1,1,1,2,0,1,1,1,1,6,1,2,1,3,4,4,3,6,2,2,3,1,2,3,2,3,7,2,4,9,60071,27233,16736,25466,21236,24727,45328,22738,41366,29588,27782,31954,53364,37136,24106,13558,18273,21236,20803,26977,18159,29806,8526,23845,17942,12913
A2AWBDW9V1E9KT,secstream,1,1,1,1,1,1,1,1,1,1,1,1,1,1,0,0,1,0,0,0,0,0,0,2,1,1,1,4,4,4,4,1,1,3,1,1,1,1,1,1,10,3,2,2,36054,35120,38134,28549,32767,23837,37167,65762,38153,120711,65308,30765,45492,36054,35120,18694,28549,32767,23837,37167,65762,38153,53216,39319,18380,29035
A2KG59JUICJLP0,treemap,1,1,1,1,1,1,1,1,1,1,1,1,1,1,2,1,1,0,0,0,1,1,0,4,1,2,0,2,2,2,2,2,2,4,1,1,1,2,2,1,5,4,5,1,26892,15382,26308,19873,8025,23926,31518,34425,17560,102788,35705,28166,13176,16888,11948,15341,19873,8025,23926,28529,30851,17560,47405,17942,17542,13176
AW2LIJBEY8QUE,stream,1,1,1,1,1,1,1,1,1,1,1,1,1,1,1,0,6,0,2,1,0,5,1,4,0,1,1,1,1,4,2,3,1,17,1,3,2,1,6,2,8,1,2,4,21416,15383,124106,10844,24466,15074,10708,35435,20431,32728,44564,18102,25013,13885,15383,34563,10844,9883,9971,10708,23456,18055,14848,44564,15783,17931
A3GNQDFPZALU92,secstream,1,1,1,1,1,1,1,1,1,1,1,1,1,1,1,0,3,1,0,0,0,1,1,3,1,2,1,2,2,3,3,2,1,5,2,1,1,1,2,2,7,4,4,2,20653,9023,32486,12358,14871,10206,9829,17438,24143,36286,49247,23110,17854,16446,9023,18327,9357,14871,10206,9829,13319,20471,13422,30296,12022,14591
AAKL8L5X64LWD,treemap,1,1,1,0,1,1,1,1,1,1,1,1,1,1,0,0,NaN,2,1,1,2,0,0,2,1,0,0,4,4,4,4,1,1,0,3,2,2,3,1,1,2,2,1,1,115340,71681,300004,90210,14261,44274,48768,25569,26555,67102,40349,28223,17479,115340,71681,300004,82789,12256,23654,43206,25569,26555,48989,38205,28223,17479
A2HOUSKURBF8UA,treemap,1,1,1,1,1,1,1,1,1,1,0,1,1,1,0,0,0,1,6,1,1,0,0,2,1,1,0,4,2,2,2,1,1,1,2,4,3,3,1,1,5,3,2,1,18653,34623,30400,64029,296097,48131,72390,56029,42657,300003,138316,91687,18455,18653,34623,30399,34292,229592,38204,62467,56029,42657,168240,63998,71764,18455
A2TBXASXZIRNNW,stream,1,1,1,1,1,1,1,1,1,1,1,1,1,1,1,1,5,1,1,0,1,1,3,2,1,1,4,1,1,1,1,2,2,7,2,2,1,2,2,4,7,4,3,5,17466,9997,15106,7061,17165,6020,7383,5712,8288,18170,11961,21556,12162,15723,8040,3148,5012,13255,6020,4840,2808,3035,6071,5941,18048,2673
AQ36OBO2GRA00,secstream,1,1,1,1,1,1,1,1,1,1,1,1,1,1,0,0,2,1,0,0,0,0,0,0,1,0,1,4,4,5,3,1,1,2,2,1,1,1,1,1,1,2,1,2,51879,79361,40892,45991,15027,114169,35695,21677,94705,53582,64568,24708,26405,51879,79361,21803,26901,15027,114169,35695,21677,94705,53582,27523,24708,13360
A3ITZNJQUTIZ4C,treemap,0,1,1,1,1,1,1,1,1,1,1,1,1,1,1,0,1,1,6,1,3,0,1,3,0,0,0,2,2,3,2,3,1,2,3,11,4,13,1,3,9,1,1,1,198301,24851,34039,46871,222510,136133,91333,55907,48126,190652,94123,38377,30672,168253,24851,24881,36423,134813,120303,34995,55907,32519,153380,94123,38377,30672
A3LMI7ZDFO8JHR,stream,1,1,1,1,1,1,1,1,1,1,1,1,1,1,0,1,0,1,2,1,2,1,2,2,0,2,4,1,1,1,1,1,2,1,2,2,2,4,2,14,12,1,4,6,29733,30346,14543,19063,21650,32271,36095,19293,122761,85059,20756,25588,52864,29733,19906,14543,11766,12263,27888,12314,15906,37922,46646,20756,17405,16534
A1EITLFAMKA61U,secstream,1,1,1,1,1,1,1,1,1,1,1,1,1,1,2,1,1,1,1,0,1,2,2,2,4,0,0,2,2,1,1,2,2,2,2,3,1,4,3,3,2,8,1,1,55895,37268,30159,37835,43419,42236,127903,28491,118582,84901,123303,16697,15465,52030,21322,15694,20866,18352,42236,44684,22361,97052,63718,36244,16697,15465
A1RF7T0DE51BKN,treemap,1,1,1,1,1,1,1,1,1,1,1,1,0,1,0,0,2,1,1,0,1,0,0,4,0,1,0,2,2,1,1,1,1,2,2,3,1,2,1,1,3,1,10,1,13831,15924,33723,47539,72598,35335,94171,34370,50712,117932,42887,300007,19361,13831,15924,15623,27188,25475,35335,73125,34370,50712,43706,42887,26755,19361
ACSS93E03ZUGX,stream,1,1,1,1,1,1,1,1,1,1,1,1,1,1,0,2,2,1,1,1,1,1,1,4,0,1,3,2,2,2,2,1,3,3,2,4,2,2,2,2,7,1,3,4,93584,61391,56398,98789,95208,111822,47110,70744,21554,131935,48501,55196,85867,93584,50971,40228,93454,69625,105247,42885,66330,15447,104570,48501,35195,70642
ATBIPUCO3EKS6,secstream,0,1,1,1,1,1,1,1,1,1,1,1,1,1,1,1,0,1,6,1,2,2,2,4,1,1,0,2,3,2,4,3,2,1,2,2,2,7,3,3,7,3,2,1,41602,68783,55686,49769,43570,61615,117663,49127,107875,119407,69884,46301,13443,23826,21442,55686,25098,34682,49274,56497,26886,30801,59962,44301,24386,13443
A1F1BIPJR11LSR,treemap,1,1,1,1,1,1,1,1,1,1,1,1,1,1,2,0,0,0,0,0,2,0,0,7,1,1,0,4,4,4,4,2,1,1,1,1,1,5,1,1,8,2,2,1,57167,14400,10788,14201,13148,50340,86683,39332,24547,96168,18911,13134,9701,50805,14400,10788,14201,13148,50340,62673,39332,24547,44829,10509,9738,9701
A2PZ8MVVT6TQJM,stream,1,1,1,1,1,1,1,1,1,1,1,1,1,1,0,1,1,1,1,1,1,1,7,5,1,1,3,2,2,2,2,1,2,9,3,3,5,2,3,3,12,2,16,2,16228,13538,61212,17106,24242,31960,12943,37290,33016,60927,21224,91037,21594,16228,9910,11645,11566,10619,7404,9112,19466,22640,16362,10723,13109,8978
A14NP6X071S7GK,secstream,0,1,1,1,1,1,1,1,1,1,1,1,1,1,2,1,1,2,1,2,1,2,0,6,1,1,1,4,4,4,4,2,3,3,2,7,4,3,6,1,7,2,2,8,34239,33241,46786,29707,96177,47089,39181,59994,17941,78239,14004,24119,64182,28411,14150,28597,13407,19327,21486,22813,15725,17941,13609,11687,21317,13624
A3VOSFN1XRFF01,treemap,1,1,1,1,1,1,1,1,1,1,1,1,1,1,0,1,0,1,0,0,2,0,2,6,1,1,0,2,3,3,3,1,2,1,2,1,1,11,1,3,8,5,2,1,30422,49026,215484,35490,23780,43162,148083,53175,73433,93046,86736,74482,20131,30422,33901,215484,28467,23780,43162,64323,53175,45551,39805,47403,63110,20131
A1USDMJVT10CE4,stream,1,1,1,1,1,1,1,1,1,1,1,1,1,1,1,0,1,1,2,1,1,1,2,5,0,3,3,2,2,2,2,2,1,10,2,3,2,2,2,3,6,1,6,4,8818,7907,37287,100736,24890,6922,39516,52810,38063,20211,6830,23581,28318,6929,7907,14925,98416,18306,5237,35478,17711,22875,10804,6830,10805,13786
A3862RIFFUV141,secstream,1,1,1,1,1,1,1,1,1,1,1,1,1,1,0,0,0,1,0,0,0,0,0,0,0,0,1,5,4,4,4,1,1,1,2,1,1,1,1,1,1,1,1,2,24317,40562,18657,33143,24160,34994,51521,42373,28252,50869,38597,18204,31784,24317,40562,18657,20871,24160,34994,51521,42373,28252,50869,38597,18204,18948
A62H1UZADLF7Q,treemap,1,1,1,1,1,1,1,1,1,1,1,1,1,1,0,0,0,0,0,1,1,1,1,5,1,0,1,4,3,3,3,1,1,1,1,1,2,2,2,2,8,2,1,3,36314,43883,19764,20748,71948,58609,85516,40846,50389,93170,55613,19125,48847,36314,43883,19764,20748,71948,36894,78917,23476,29360,35960,50895,19125,27910
A2UIGDOLX5RV95,stream,1,1,1,1,1,1,1,1,1,1,1,1,1,1,0,0,2,2,0,0,0,1,3,3,0,0,3,1,2,1,1,1,1,5,4,1,1,1,2,6,3,1,1,4,20740,21820,79376,37452,17468,21745,26102,22299,87600,73107,17657,25908,36061,20740,21820,19028,29512,17468,21745,26102,17816,35729,19007,17657,25908,18233
A39C1BN9ZSQ0R2,secstream,1,1,1,1,1,1,1,1,1,1,1,1,1,1,0,1,2,1,0,1,1,1,0,2,0,0,0,4,2,2,2,1,5,2,3,1,4,4,3,1,6,1,1,1,28862,89123,36762,78755,52666,62874,52941,73775,60525,94268,38814,26283,18049,28862,72046,23658,40952,52666,43060,37613,52816,60525,62995,38814,26283,18049
A2W3A42TRMJ861,stream,1,1,1,0,1,1,1,1,1,1,1,1,1,1,0,3,2,2,2,1,1,5,1,1,1,0,1,2,2,3,2,1,3,2,3,3,2,3,2,2,5,2,1,2,49267,70234,300004,83182,64437,52239,195584,63418,25955,124713,56995,30692,42663,49267,54820,49905,52141,19411,45861,71902,51862,21134,46511,50090,30692,36512
A320QA9HJFUOZO,secstream,1,1,1,1,1,1,1,1,1,1,1,1,1,1,0,3,0,0,0,1,0,1,1,3,0,0,0,2,4,2,2,1,6,1,1,1,2,1,2,3,6,1,1,1,15307,31292,18811,19398,17849,20271,24007,27626,46355,57280,29389,17630,15203,15307,14730,18811,19398,17849,18403,24007,25415,41951,43302,29389,17630,15203
A12GJUCS7AJ4K,treemap,1,1,1,1,1,1,1,1,1,1,1,1,1,1,0,0,0,0,0,1,0,1,0,0,1,0,0,4,4,2,3,1,1,1,1,1,2,1,2,1,1,3,1,1,31488,27432,26380,34166,22043,73346,91702,65746,57834,62731,49315,29889,15680,31488,27432,26380,34166,22043,65057,91702,50428,57834,62731,26577,29889,15680
AURYD2FH3FUOQ,stream,1,1,1,1,1,1,1,1,1,1,1,1,1,1,0,0,1,2,0,2,1,1,0,4,0,1,0,4,4,3,3,1,1,2,4,1,3,2,9,1,9,1,2,1,29031,27233,47383,144005,23452,105649,61337,118348,35141,139414,28158,41083,15699,29031,27233,25385,63030,23452,45944,56836,36786,35141,62521,28158,19553,15699
A2VN3OJKI3R6HE,secstream,1,1,1,1,1,1,1,1,1,0,1,1,1,1,0,0,0,0,0,0,0,0,NaN,2,0,0,0,4,4,4,3,1,1,1,1,1,1,1,1,0,2,1,1,1,30887,41286,15972,17261,26400,21896,30353,29770,300011,73354,23285,23840,14549,30887,41286,15972,17261,26400,21896,30353,29770,300011,42923,23285,23840,14549
A5V3ZMQI0PU3F,treemap,1,1,1,0,1,0,1,0,0,1,0,1,0,1,1,2,2,1,1,1,2,1,0,4,0,1,0,2,1,2,3,3,4,5,3,4,3,5,4,1,13,1,4,1,292204,157644,300008,161788,300007,284438,300008,300008,41853,300007,57284,300007,30832,169444,93393,66456,73803,135633,227519,96471,125914,41853,126536,57284,78068,30832
A2JCK494NV7TFX,secstream,1,1,1,1,1,1,1,1,1,1,1,1,1,1,0,0,0,2,0,0,1,0,0,3,0,0,0,4,4,4,4,1,1,1,3,1,1,3,1,1,8,1,1,1,33344,18958,20246,33095,17823,15459,56903,17344,18524,127078,22373,22865,27664,33344,18958,20246,19845,17823,15459,20389,17344,18524,41798,22373,22865,27664
A26UIS59SY4NM6,stream,1,1,1,1,1,1,1,1,1,1,1,1,1,1,0,1,3,3,1,1,1,0,1,5,1,2,2,2,1,4,4,1,3,6,4,4,3,3,1,4,7,2,7,13,31832,68491,152101,144813,88343,76626,81788,57808,81709,86292,65744,111131,109779,31832,30624,74160,69373,76647,47225,72221,57808,63859,58374,39541,34396,40934
A3SKEW89V5S0DI,secstream,1,1,1,1,1,1,1,1,1,1,1,1,1,1,0,0,0,2,2,1,1,1,1,2,1,0,0,1,1,1,1,1,1,1,3,4,2,2,2,3,10,4,1,1,12716,29476,48512,46916,55703,30162,46205,39622,58386,101200,51225,24128,10936,12716,29476,48512,24403,12215,22292,23094,36482,46356,58717,23291,24128,10936
A2AO7QP5THYKQF,treemap,1,1,1,1,1,1,1,1,1,1,1,1,1,1,3,0,0,1,0,2,0,0,1,5,2,1,1,2,1,2,2,2,1,1,2,1,3,1,1,3,7,7,4,5,63429,33185,19909,57473,23617,97558,66558,26987,57916,128395,70601,61176,66627,29039,33185,19909,32450,23617,64310,66558,26987,49962,36705,28833,34734,17839
AL3UGBNTPA0I7,secstream,0,1,1,1,1,1,1,1,1,1,1,1,1,1,1,1,1,2,2,0,5,1,1,3,1,1,2,1,1,1,1,5,11,5,13,5,1,8,3,5,7,2,2,3,113187,88661,82418,142233,69555,42170,86011,80572,92177,109566,33402,46747,42779,88996,26454,37787,37280,17747,42170,59182,58645,78929,59317,29410,42812,23973
A347XXV5JH19PB,treemap,1,1,1,1,1,1,1,1,1,1,1,1,1,1,0,0,1,3,0,2,1,2,2,4,1,1,0,2,2,1,2,1,1,16,5,1,4,2,3,4,7,2,3,1,16900,16195,105171,60829,15744,32231,43233,101365,22588,75602,26302,29610,13010,16900,16195,16135,45631,15744,21241,39335,87734,12150,28123,20760,18056,13010
A320BT7PLIQVZT,stream,1,1,1,1,1,1,1,1,1,1,1,1,1,1,0,0,1,1,2,1,0,0,3,5,0,2,3,2,2,2,2,1,1,2,2,3,2,1,1,4,6,1,4,4,25608,40860,35486,57536,41798,24859,23495,15087,17749,22473,47617,45313,9638,25608,40860,33086,54108,31733,21198,23495,15087,12351,12315,47617,37325,5008
AHV4U78TUUDKI,secstream,1,1,1,1,1,1,1,1,1,1,1,1,1,1,0,1,0,1,0,0,1,0,0,3,1,1,2,4,4,4,4,1,2,1,2,1,1,5,1,1,10,2,2,5,38081,25186,24202,32773,22659,26321,85504,17526,35248,198337,51351,34296,70291,38081,20065,24202,23928,22659,26321,33307,17526,35248,59846,35600,22596,28514
AIPHJXQEDNW9L,treemap,1,1,1,1,1,1,1,1,1,1,1,1,1,1,0,0,0,0,3,0,2,0,1,4,1,0,1,4,4,4,2,1,1,1,1,3,1,3,1,2,8,3,1,3,38692,14325,16154,20317,36630,24954,51575,22936,19651,78509,27770,21484,36914,38692,14325,16154,20317,23144,24954,29172,22936,17722,23640,22501,21484,25160
A2HHKBW8HQWI66,secstream,1,1,1,1,1,1,1,1,1,1,1,1,1,1,0,1,6,0,0,1,2,0,2,5,3,1,3,4,4,4,4,1,3,2,1,1,3,5,1,4,5,8,2,5,85789,60716,98434,28747,17787,38288,29690,69591,108756,62639,104049,39810,36842,85789,37699,23450,28747,17787,30171,18610,69591,101685,29513,36430,29498,18248
A2EOOF9D135HQ1,treemap,1,1,1,1,1,1,1,1,1,1,1,1,1,1,2,2,0,1,4,2,1,0,0,3,1,1,0,3,4,3,3,2,4,1,3,6,2,2,1,1,7,2,3,1,64275,52007,29080,36318,76742,54381,27853,21414,35733,64039,26510,24941,37734,50741,19033,29079,22678,44374,44237,20686,21414,35733,21742,22654,20294,37734
ARLGZWN6W91WD,stream,1,1,1,1,1,1,1,1,1,1,1,1,1,1,1,1,1,0,0,2,0,0,1,5,1,0,0,2,1,2,2,2,3,2,1,1,4,1,1,4,7,3,1,1,24433,49625,29694,30755,15081,61390,48272,18186,55123,55511,33210,18829,23766,12424,25464,26379,30755,15081,25694,48272,18186,45660,34844,25122,18829,23766
AOSLTO4W2A476,secstream,1,1,1,1,1,1,1,1,1,1,1,1,1,1,0,1,1,1,0,0,1,0,0,4,1,1,0,2,3,2,3,1,2,7,3,1,1,2,1,1,10,2,2,1,42898,40289,160963,69840,37000,25508,34606,22627,28860,287044,144964,59355,28302,42897,37262,27498,22858,37000,25508,25487,22627,28860,84974,125127,46992,28302
A3FHFGC3V9B3OJ,treemap,1,1,1,1,1,1,1,1,1,1,1,1,1,1,0,0,0,0,1,1,1,1,0,3,0,0,0,4,5,4,4,1,1,1,1,2,2,2,3,1,5,1,1,1,31489,34482,47357,36679,102443,156306,81819,133498,62305,260259,59811,41385,27937,31489,34482,47357,36679,62377,81610,40827,81771,62305,69029,59811,41385,27937
A3NAHN61XJ3ZAT,stream,1,1,1,1,1,1,1,1,1,1,0,1,1,1,0,1,1,0,1,0,0,2,0,5,0,1,0,4,4,2,2,1,2,3,1,2,1,1,4,1,3,1,2,1,37629,89623,55281,39548,36120,43228,52793,181991,39775,300021,123326,35443,47813,37629,29234,44753,39548,32034,43228,52793,63249,39775,55683,123326,30332,47813
A2K1K7ALOS8YIN,secstream,1,1,1,1,1,1,1,1,1,1,1,1,1,1,0,0,0,0,0,0,0,1,0,4,0,0,1,4,5,3,5,1,1,1,1,1,1,1,2,1,8,1,1,2,24952,13465,42309,23467,45216,37487,36628,50188,23983,96610,60527,26512,24191,24952,13465,42309,23467,45216,37487,36628,28527,23983,45192,60527,26512,20316
A12HZGOZQD5YK7,treemap,1,1,1,1,1,1,1,1,1,1,1,1,1,1,0,0,0,0,0,1,1,0,0,0,1,1,0,4,5,5,4,1,1,1,1,1,2,2,1,1,1,2,2,1,28357,34972,39922,30774,19278,92728,252251,46629,43801,76550,58330,70897,37287,28357,34972,39922,30774,19278,50426,232842,46629,43801,76550,55026,29769,37287
AT116456PANMW,secstream,1,1,1,1,1,1,1,1,1,1,1,1,1,1,0,2,2,1,2,0,0,0,1,3,0,1,3,4,3,4,4,1,4,3,2,4,1,1,1,2,7,1,2,5,39878,103666,60092,37614,56203,66844,47365,45666,39098,165637,41441,27230,35805,39878,87967,52286,33165,40416,66844,47365,45666,35783,142528,41441,23926,17853
A127F80LLYOQ22,treemap,0,1,1,1,1,1,1,1,1,1,1,1,1,1,1,1,0,1,0,1,3,0,1,4,1,0,2,3,2,3,4,3,2,1,4,1,2,4,1,2,9,3,1,5,34133,22374,22664,31390,12015,35065,31205,22556,25633,75336,39750,16403,35329,17811,18854,22664,20165,12015,26638,18694,22556,21269,26633,22066,16403,21229
ACGZDI611LU0I,stream,1,1,1,1,1,1,1,1,1,1,1,1,1,1,0,0,2,0,1,1,1,0,0,3,1,0,0,5,5,4,4,1,1,6,1,3,3,2,1,1,3,2,1,1,39595,19651,70341,39652,61258,53973,61707,38177,18761,83212,37660,23963,40582,39595,19651,38065,39652,32424,39466,40414,38177,18761,47149,35504,23963,40582
A1HI9B1MMCMVAZ,stream,1,1,1,1,1,1,1,1,1,1,1,1,1,1,3,1,2,1,2,2,1,0,2,0,5,2,4,3,3,3,4,7,3,36,3,4,3,2,1,3,1,6,5,5,43620,29269,204081,27093,24997,27608,19852,22633,35754,36166,61062,66001,29325,22004,22041,28497,20045,15163,20830,14477,22633,26601,36166,40877,18605,13109
A2BM4OQ4QLFF8I,secstream,1,1,1,1,1,1,1,1,1,1,1,1,1,1,0,1,0,0,0,0,0,0,1,2,1,0,0,2,4,4,5,1,2,1,1,1,1,1,1,3,2,11,1,1,22723,27530,14075,34843,13876,19571,18858,15316,38627,65426,134999,17741,21602,22723,16379,14075,34843,13876,19571,18858,15316,26443,24258,23035,17741,21602
A1Y25W1Y7KDE5,treemap,1,1,1,1,1,1,1,1,1,1,1,1,1,1,0,0,0,0,0,1,3,0,0,4,1,0,0,2,2,1,1,1,1,1,1,1,2,7,1,1,7,2,1,1,23923,24724,31650,44970,27333,97575,80182,69191,37418,168081,48650,23802,14885,23923,24723,31650,44969,27333,94176,54118,69191,37418,94666,28763,23802,14885
AP7BOM5KUH8KV,secstream,1,1,1,1,1,1,1,1,1,1,1,1,1,1,0,0,0,1,0,0,1,0,0,3,1,0,0,4,4,4,4,1,1,1,2,1,1,2,1,1,7,6,1,1,8602,8828,6947,15319,9732,9013,22428,8488,10430,57479,34775,9715,11835,8602,8828,6947,6637,9732,9013,20675,8488,10430,20724,13690,9715,11835
A21HDHQPENLF2X,treemap,1,1,1,1,1,1,1,1,0,1,1,1,1,1,0,1,3,1,2,0,0,NaN,0,2,1,0,0,4,4,3,3,1,2,3,2,3,1,1,0,1,2,2,1,1,10797,36317,35739,35325,48904,20622,73632,300286,111400,43711,122224,25041,9152,10797,26654,16260,32238,22829,20622,73632,300286,111400,17384,110072,25041,9152
A3B7TNVOISSZ2O,treemap,1,1,1,1,1,1,1,1,1,1,1,1,1,1,0,1,0,0,0,0,0,1,0,5,1,0,0,4,4,4,4,1,2,1,1,1,1,1,8,1,6,2,1,1,24959,17323,13042,31762,14946,29047,32071,180865,16064,71400,33330,21907,16741,24959,11024,13042,31762,14946,29047,32071,47520,16064,18922,21922,21907,16741
AXMPSUNKUBEIL,treemap,1,1,1,1,1,1,1,1,1,1,1,1,1,1,0,0,0,0,0,0,1,0,0,0,4,0,0,4,4,4,3,1,1,1,1,1,1,2,1,1,1,7,1,1,22154,26867,28191,65681,21864,31213,116768,25716,38698,53176,68876,21954,16875,22154,26867,28191,65681,21864,31213,108273,25716,38698,53176,33038,21954,16875
A3NF9B2NLCLZWT,treemap,1,1,1,1,1,1,1,1,1,1,1,1,1,1,3,1,0,2,4,1,1,0,1,4,4,0,1,1,1,1,1,3,2,1,3,4,3,2,1,2,2,5,1,2,57463,61707,26121,91081,75595,127949,62434,48302,58665,64638,89821,27620,42054,42092,44201,26121,45854,40262,57194,48498,48302,49189,33577,38272,27620,26122
A3DTBL9NV7SDQC,treemap,1,1,1,1,1,1,1,1,1,1,1,1,1,1,1,1,7,1,2,2,0,1,1,6,0,0,0,5,4,5,4,2,3,10,2,4,4,1,2,2,6,1,1,1,59026,37861,96320,28060,67156,60498,27428,40138,40942,110404,24948,22983,27508,53586,26451,44669,22773,31356,40856,27428,34338,34692,53785,24948,22983,27508
A3RLCGRXA34GC0,treemap,1,1,1,1,1,1,1,1,1,1,1,1,1,1,0,0,0,0,0,0,2,0,0,0,1,1,0,4,4,4,4,1,1,1,1,1,1,5,1,1,1,2,6,1,18982,23335,22647,25408,18727,35991,80693,35502,24238,72294,35415,110176,12751,18982,23335,22647,25408,18727,35991,48509,35502,24238,72294,27109,30255,12751
ANVAFB99K5RKP,treemap,1,1,1,1,1,1,1,0,1,1,1,1,1,1,0,0,0,0,0,0,1,0,0,0,2,0,0,2,2,1,4,1,1,1,1,1,1,1,1,1,1,5,1,1,22590,17367,15895,139267,19053,32927,300577,47122,26061,50262,111932,243312,16229,22590,17367,15895,139267,19053,32927,274199,47122,26061,50262,31662,243312,16229
A3U6IA3JUSFZ2M,treemap,1,1,1,1,1,1,1,1,1,1,1,1,1,1,2,1,0,1,2,0,0,0,0,4,1,1,1,2,3,3,2,3,2,1,2,4,1,1,1,1,7,2,2,2,43139,53829,19733,72654,44875,44563,32294,35053,25150,45722,40074,36067,31900,29405,45775,19733,66253,25467,44563,32294,35053,25150,15657,31570,27692,18660
AZNIEFUIVB2H0,treemap,1,1,1,1,1,1,1,1,1,1,0,1,1,1,0,0,1,0,0,0,0,1,0,5,1,1,0,4,4,3,2,1,1,2,1,1,1,1,2,1,6,2,2,1,83922,52864,110661,67718,48047,102315,80629,82546,86594,300755,54179,73387,32224,83922,52863,26198,67717,48047,102315,80629,61452,86594,124071,49413,40427,32224
A1TFWB4P6PXA3M,treemap,0,1,1,1,1,1,1,1,1,1,1,1,1,1,2,1,1,2,1,1,1,2,3,6,1,3,3,4,5,4,4,5,2,2,12,2,2,2,3,4,24,2,4,5,15984,10164,6279,13173,9442,8599,5224,7025,9018,35515,5320,9372,11470,2026,2352,2704,3446,6913,4798,2289,2511,2709,5390,2558,2345,1952
A3AGJSGD009WMM,treemap,1,1,1,1,1,1,1,1,1,1,1,1,1,1,0,0,0,1,0,0,1,0,0,5,1,1,1,2,2,2,1,1,1,1,10,1,1,2,1,1,14,2,2,2,50331,49907,33673,246240,22982,63003,123830,33081,68372,198575,81668,86379,55139,50331,49907,33673,28721,22982,63003,66036,33081,68372,53151,49733,67876,35801
A289DF24X3Q8JZ,stream,0,1,1,1,1,1,1,1,1,1,1,1,1,1,1,2,1,1,4,1,2,0,2,3,2,1,2,1,1,1,1,3,4,2,3,5,2,3,1,4,8,4,2,5,11963,8195,10289,10291,24938,10523,9141,8576,22355,14177,99047,11896,11020,8231,3893,8341,5272,7307,7386,5747,8576,17027,2297,93110,9755,2476
A1QX1RYLCFXZJ9,stream,1,1,1,1,1,1,1,1,1,1,1,1,1,1,1,1,1,1,1,1,1,0,0,6,1,1,4,2,2,1,2,3,11,3,2,3,2,16,1,1,8,2,2,8,28310,122476,27814,33519,32914,19892,133701,17549,20592,59793,16799,38648,66093,17839,17871,11175,21451,22317,16281,11955,17549,20592,24462,12674,16903,14951
A1U7AAKEZ4YXZD,stream,1,1,1,1,1,1,1,1,1,1,1,1,1,1,1,0,1,2,0,1,2,2,0,5,1,2,2,4,4,4,4,2,1,2,4,1,2,2,2,1,31,2,4,3,40706,25128,29291,35299,26703,27668,36153,38763,58177,288975,31633,77271,125567,13419,25128,13532,13672,26703,22427,22846,18502,58177,27511,24858,33242,22258
A1ONILGBGJ8Y5K,stream,1,1,1,1,1,1,1,1,1,1,1,1,1,1,0,0,5,0,5,0,1,1,1,5,1,1,3,1,1,1,1,1,1,7,1,5,1,2,6,4,12,2,2,5,20760,39593,56571,39977,119328,33981,51084,59262,40333,164237,26782,22575,39828,20760,39593,37788,39977,36098,33981,34569,25130,28551,60611,21797,12895,24964
A17D6BK59S31BM,stream,1,1,1,1,1,1,1,1,1,1,1,1,1,1,1,4,1,2,1,1,2,0,1,5,1,3,2,4,2,3,3,2,6,2,3,2,2,3,1,3,8,2,5,3,12477,23095,12847,12231,10288,17206,12578,4620,12868,50615,12229,22229,12511,9557,6697,9834,5504,7632,13626,6917,4620,6906,19481,9515,9171,7101
A3P2LT53J1GUBG,stream,1,1,1,1,1,1,1,1,1,1,1,1,1,1,0,0,1,1,0,0,1,0,0,2,0,1,0,4,4,3,4,1,1,2,3,1,1,2,1,1,5,1,2,1,20224,27391,59384,48983,35415,18636,29302,20486,38127,56095,39432,23103,17542,20224,27391,47055,22085,35415,18636,17541,20486,38127,44781,39432,17302,17542
A1ET2J1PIP0RGO,stream,0,1,1,1,1,1,1,1,1,1,1,1,1,1,1,1,0,2,0,1,5,1,3,4,0,1,2,2,2,2,2,2,3,1,3,1,4,5,2,5,9,1,4,6,30170,47661,26877,59563,38216,41431,64796,41833,68105,92110,41264,49143,34008,20775,22876,26877,28031,38216,30005,48228,28940,54910,44917,41264,32393,18724
A26K8OELA8ZDI9,stream,0,1,1,1,1,1,1,1,1,1,1,1,1,1,1,1,2,1,2,2,0,4,0,2,1,2,1,2,2,3,3,2,2,6,2,3,7,1,9,1,5,4,6,2,80232,52634,125043,67313,31953,145124,53354,137827,42955,78231,114024,60210,52911,56815,50420,45200,64925,28316,54707,53354,27073,42955,67503,82184,28898,36491
A20NITCOBY4775,stream,1,1,1,1,1,1,1,1,1,1,1,1,1,1,0,1,1,2,0,0,0,2,1,5,1,0,0,1,1,3,4,1,2,2,4,1,1,1,3,2,10,4,1,1,41310,33498,102480,108162,33558,33760,24798,62874,105607,152928,77139,30089,24611,41310,28415,76676,56336,33558,33760,24798,41135,98321,30489,45844,30089,24611
A2L366NNL1YG5W,stream,1,1,1,1,1,1,1,1,1,1,1,1,1,1,5,6,0,1,2,2,1,0,0,6,1,2,3,1,1,3,3,7,2,1,6,3,4,11,1,1,15,3,5,5,82245,34608,9565,59551,35172,36321,131259,44341,24035,186213,30060,53502,33964,39464,26384,9565,24112,16388,21819,8337,44341,24035,86010,15795,28351,18943
A2HXTXD0IMKUN0,stream,1,1,1,1,1,1,1,1,1,1,1,1,1,1,0,1,2,1,1,1,0,0,1,3,1,3,3,3,2,2,4,1,3,7,2,9,2,1,1,2,4,2,3,5,39485,79256,136493,51975,121933,42340,31168,24643,40888,106332,42146,96209,129388,39485,36242,25600,40630,39303,32809,31168,24643,32154,93903,39359,47574,70784
A2EA2PN47ZWILX,secstream,1,1,1,1,1,1,1,1,1,1,1,1,1,1,1,1,3,1,2,2,0,0,0,4,0,1,1,4,4,3,4,2,2,5,2,3,3,1,1,1,7,1,2,4,37250,22337,93544,35009,32102,39450,22266,11057,21636,58127,12979,21414,25615,34062,18958,66875,30798,25346,31455,22266,11057,21636,41097,12979,18429,15994
A1LTRUIMP3O0HG,secstream,1,1,1,1,1,1,1,1,1,1,1,1,1,1,0,0,0,0,0,0,0,0,0,1,1,1,0,4,5,4,5,1,1,1,1,1,1,1,1,1,2,2,2,1,18541,15065,16121,20648,37488,26954,68093,26543,20326,48146,42358,56769,20727,18541,15065,16121,20648,37488,26954,68093,26543,20326,31661,22708,21032,20727
A2GK75ZQTX2RDZ,secstream,0,1,1,1,1,1,1,1,1,1,1,1,1,1,3,2,1,1,2,1,0,1,0,3,2,1,2,4,5,4,3,3,2,6,2,3,4,1,11,1,17,3,2,3,96176,63485,175721,57956,67494,111349,31462,241736,38333,283984,117534,58825,54244,47394,39168,39770,35285,33299,50041,31462,42726,38333,32706,78146,31556,24714
A2SJC9VRBGNC58,secstream,1,1,1,1,1,1,1,1,1,1,1,1,1,1,2,1,1,2,1,2,1,0,1,2,2,0,0,2,2,2,2,4,8,5,4,3,4,2,1,2,5,3,1,1,26334,37878,28854,42438,38175,19006,21942,19535,26222,42165,17382,19223,25926,15494,7790,14670,23126,31238,7062,18302,19535,22470,18949,10038,19223,25926
A29VL3MZE7YPBZ,secstream,1,1,1,1,1,1,1,1,1,1,1,1,1,1,2,1,0,0,3,2,4,0,0,5,4,0,2,4,2,2,2,2,2,1,1,7,4,6,1,1,7,10,1,5,58905,24824,25393,22655,39778,45187,34396,26302,21667,75375,54849,23053,23506,20849,15446,25393,22655,19143,21567,21383,26302,21667,23262,29699,23053,11670
